{
    "coefficients": [
        29.62074302884368,
        41.761876039085365,
        -0.2953266654313006,
        3.0382678319418055,
        67.13990751207511,
        -44.91323748585012
    ],
    "intercept": -663.4580798124719
}